gene_symbol,023_S_4122,051_S_1072,116_S_4635,073_S_4259,072_S_2116,098_S_2052,067_S_4072,073_S_2190,126_S_2405,082_S_2307,018_S_4597,068_S_2168,067_S_4184,094_S_1417,130_S_4405,018_S_2180,005_S_2390,099_S_0291,005_S_0546,068_S_2171,137_S_1414,072_S_1380,051_S_1040,135_S_4281,022_S_2379,127_S_4210,002_S_4237,003_S_1122,123_S_4170,067_S_2301,067_S_2304,041_S_4513,029_S_4327,072_S_4610,012_S_4128,014_S_0169,002_S_4229,129_S_4287,073_S_2153,057_S_1269,002_S_2043,041_S_4510,131_S_0384,018_S_2133,053_S_0919,002_S_4219,128_S_4636,007_S_2394,137_S_0800,135_S_4489,018_S_2155,014_S_4058,094_S_4162,073_S_4300,018_S_0142,123_S_1300,021_S_2100,036_S_2378,123_S_4127,014_S_4079,027_S_2219,027_S_2336,073_S_2264,021_S_4419,126_S_0709,126_S_4514,941_S_4377,137_S_0973,099_S_4498,035_S_2061,072_S_2072,137_S_0722,005_S_4185,035_S_4114,031_S_4476,099_S_4022,094_S_2367,082_S_4244,053_S_2357,024_S_4169,073_S_4614,007_S_2106,137_S_0668,068_S_0802,013_S_4395,005_S_0572,051_S_1131,053_S_4557,036_S_2380,116_S_4175,014_S_4328,128_S_0200,135_S_4406,136_S_0107,003_S_1074,099_S_4463,024_S_4392,072_S_4445,072_S_2027
APP,7.101636364,6.936181818,7.093272727,7.208545455,7.065909091,6.985545455,7.204363636,7.385636364,6.862636364,6.232454545,7.127636364,6.701181818,7.423454545,6.832363636,6.400454545,7.274090909,7.164181818,6.869090909,7.074363636,7.281818182,7.468181818,6.588,6.954181818,6.944090909,6.158818182,7.411181818,6.229909091,7.515909091,6.709090909,7.721545455,7.404636364,6.734363636,7.243636364,7.476,6.474454545,7.235545455,6.566272727,7.544363636,6.870181818,7.446272727,7.289090909,6.830363636,6.997090909,7.017909091,6.601,7.037454545,7.213181818,7.078727273,7.370454545,7.211454545,6.869545455,6.906818182,6.198636364,7.113818182,7.216909091,6.877818182,7.300545455,7.041454545,6.960727273,6.581818182,6.466090909,6.943727273,7.146090909,7.350090909,7.169727273,6.056363636,7.160818182,7.072090909,7.050454545,6.89,6.978363636,6.649090909,7.797636364,6.843727273,6.984181818,6.639090909,7.333545455,7.156727273,7.614545455,6.451454545,7.448818182,7.295727273,6.792909091,7.401545455,7.265181818,7.221727273,6.669,6.570909091,6.425363636,6.510272727,6.620545455,7.274090909,7.462909091,6.779454545,7.337454545,6.925090909,6.983909091,6.671090909,6.803454545
CD81,6.62,6.874,7.101,6.923,7.393,7.052,7.231,6.336,7.018,6.868,6.73,7.25,6.74,6.716,6.448,6.811,7.125,6.649,6.975,7.301,6.942,7.02,6.894,6.883,7.006,7.122,6.321,6.942,6.1,6.538,6.607,6.763,6.95,6.835,7.132,6.616,7.021,6.773,6.739,6.691,6.563,6.942,6.82,7.115,7.123,6.127,6.81,6.994,7.146,7.065,7.437,7.008,7.022,6.947,6.913,6.223,7.032,7.096,7.08,7.037,7.313,6.804,6.518,6.556,6.683,6.845,7.2,6.441,6.954,6.883,6.573,6.826,6.761,6.819,7.246,6.748,6.586,6.753,6.713,6.756,6.791,7.099,6.967,6.7,6.663,7.178,6.909,7.124,7.054,7.088,7.32,6.636,6.943,7.476,6.964,7.239,6.597,6.811,7.261
RPL31,6.919333333,6.538666667,5.750666667,6.605,6.805333333,6.343333333,5.755,6.002333333,6.806333333,6.693,6.881333333,6.364666667,6.4,6.197666667,6.362666667,5.79,6.495333333,7.206666667,6.111,6.132333333,5.743333333,6.453666667,6.543666667,6.984,6.807333333,6.370666667,6.994666667,6.963666667,6.336,6.684,6.703333333,6.55,6.320333333,6.715,6.56,6.724,6.448666667,6.637333333,6.851666667,6.657,5.801,6.632,6.810666667,6.31,7.176333333,6.759333333,6.440333333,6.579666667,6.230333333,6.355,6.651666667,6.455,7.198,6.314666667,6.129,6.043,5.544333333,6.820666667,6.835,6.494333333,6.410333333,5.822333333,6.472333333,6.295666667,7.065666667,6.553,7.319,5.731333333,6.391333333,6.577666667,6.213666667,6.236,5.905666667,6.934,6.218333333,7.263,6.396333333,5.738,7.287,6.776,6.341666667,5.781,6.180333333,6.369,7.025333333,5.955,6.568,6.638666667,6.322,6.476333333,6.540333333,6.180666667,5.496,7.184666667,6.632666667,6.492333333,6.255,6.423,6.354333333
PLEKHB1,4.706,5.1705,5.2335,4.816,5.118,5.026,5.167,4.5975,5.242,5.334,4.904,4.684,4.457,4.9885,5.054,5.262,5.1025,4.597,4.193,5.176,4.784,5.0305,5.2375,4.728,5.501,5.084,5.085,4.8645,5.3825,4.825,4.7765,5.2895,4.7185,4.949,5.1405,5.72,4.8905,4.9365,5.167,3.8715,5.0185,5.02,5.4135,5.194,5.04,5.018,5.3285,5.133,4.7285,4.7245,5.288,4.862,5.435,4.9375,5.0795,4.86,5.113,5.017,4.9735,5.1735,5.1555,4.594,4.9425,5.105,5.18,5.359,5.2695,4.4515,5.076,5.3815,5.097,5.406,4.8695,5.1315,5.124,5.031,4.677,5.2355,4.649,5.0735,5.0965,4.9795,5.454,5.39,5.2435,4.7535,4.9855,4.987,5.415,5.2765,5.734,4.4905,5.2315,5.247,5.1475,4.609,5.2895,5.0095,5.053
HBB,12.698,12.673,12.6215,12.7375,12.3655,12.585,12.7635,12.777,12.662,12.773,12.639,12.6915,12.684,12.6455,12.726,12.6595,12.5935,12.561,12.6,12.5475,12.677,12.5745,12.7505,12.7145,12.72,12.629,12.7375,12.6715,12.73,12.6605,12.7805,12.5705,12.622,12.731,12.6065,12.688,12.8285,12.649,12.7365,12.622,12.6785,12.7445,12.57,12.6685,12.6015,12.798,12.6895,12.6745,12.6785,12.583,12.477,12.6175,12.6395,12.616,12.578,12.7235,12.5845,12.6965,12.636,12.692,12.6735,12.635,12.679,12.6455,12.7415,12.6085,12.4475,12.645,12.6515,12.714,12.6165,12.562,12.6325,12.6005,12.621,12.6335,12.6645,12.6585,12.655,12.6565,12.6955,12.6535,12.669,12.6445,12.625,12.7055,12.6155,12.658,12.6345,12.592,12.71,12.657,12.688,12.675,12.6585,12.6055,12.5535,12.6185,12.689
CLU,3.4592,3.6546,3.6376,3.1572,3.3984,3.6684,3.5444,3.6062,3.5986,3.7038,3.4294,3.655,3.2406,3.581,3.3106,3.5798,3.4412,3.217,3.391,3.6658,3.5826,3.696,3.507,3.4272,3.5846,3.3616,3.481,3.3398,3.385,3.5326,3.358,3.4174,3.4326,3.3634,3.563,3.544,3.412,3.461,4.0364,3.4098,3.5686,3.3472,3.8046,3.6268,3.92,3.4102,3.623,3.5788,3.4696,3.961,3.59,3.5454,3.6848,3.5078,3.666,3.4416,3.2826,3.5562,3.536,3.7656,3.6332,3.5388,3.593,3.4624,3.3864,3.8164,3.3458,3.7288,3.4556,3.532,3.5804,3.75,3.3322,3.641,3.4408,3.4232,3.3882,3.6864,3.1696,3.5572,3.574,3.4304,3.4656,3.5672,3.2732,3.564,3.7286,3.5834,3.7676,3.6626,3.8826,3.5088,3.4158,3.5702,3.4856,3.4004,3.5738,3.506,3.6662
ICAM1,5.514333333,5.761,5.552666667,5.715,5.179333333,5.208666667,5.401,5.953,5.102333333,5.778666667,5.497333333,5.649666667,5.250666667,5.087333333,5.533333333,5.699333333,5.397666667,5.379,5.757666667,5.397,5.535666667,5.447666667,5.561666667,5.871,5.588,5.188,4.86,5.394,5.499,6.178666667,6.097,5.338666667,5.562333333,5.253333333,5.893333333,5.329333333,5.931666667,5.250333333,5.956,6.061666667,5.317,5.582666667,5.643333333,5.488,5.401,6.035333333,5.309333333,5.372,5.67,5.989,5.228333333,5.646333333,5.794,5.568,5.599333333,6.055333333,5.858333333,5.334666667,5.452666667,5.419,5.439666667,5.613,5.457333333,5.842,5.629333333,5.590666667,5.394666667,6.139666667,5.666,5.209666667,5.602333333,5.655333333,5.378333333,5.739,5.78,5.030333333,5.73,5.527,5.363333333,5.304666667,5.799,5.877666667,5.703,5.708666667,5.266,6.086666667,6.004,5.706,5.385,5.462666667,6.172333333,5.578333333,5.527666667,4.764,5.359666667,4.949333333,5.908333333,5.569,5.619333333
OLR1,3.34975,2.474,2.05275,2.6115,2.8095,2.28375,2.232,3.14575,2.60875,3.3815,2.88925,3.1935,2.59075,2.54225,2.99875,2.69775,2.20475,2.80675,2.775,3.0625,3.5345,2.30925,2.71225,3.03075,2.17525,2.5975,2.87475,2.5555,2.7185,2.3885,2.752,2.57475,2.12275,2.494,2.953,2.588,2.313,2.7115,2.4395,2.47025,2.502,2.573,3.156,2.615,2.6845,2.341,2.558,2.58375,2.11925,2.75125,2.54575,2.386,2.8355,2.28725,2.87475,2.8815,2.663,2.4655,2.547,2.7375,2.24925,2.76375,3.1,2.5345,2.90425,2.64925,2.62425,2.64625,2.48575,3.1625,3.6825,2.3365,2.546,3.182,2.2975,3.60925,3.78775,3.45625,3.288,2.221,2.47275,2.251,2.71525,2.38825,2.267,2.75125,2.874,2.3775,2.35975,3.2,2.382,2.352,2.3575,2.1815,2.771,2.3065,2.6715,2.6345,2.52225
VWF,3.2146,3.3372,4.089,3.1218,2.9254,3.513,3.066,3.5288,3.4668,3.2406,3.324,3.3002,3.1824,3.5662,3.136,3.3586,3.293,2.9428,3.6252,3.6848,3.751,3.7,2.9398,3.2528,3.3296,3.3824,3.4314,3.182,3.2134,3.5522,3.031,3.2464,3.569,3.4088,3.3698,3.5552,3.244,3.8764,3.6618,3.17,3.3416,3.1332,3.5652,3.3998,3.2298,3.425,3.5306,3.6228,3.2226,3.1956,3.3278,3.711,3.2576,3.3434,3.2344,3.1132,3.3418,3.2166,3.2046,3.6848,3.4104,3.3072,3.5432,3.8596,3.406,3.5572,2.9582,3.9038,3.3456,3.548,3.3664,3.927,3.787,3.0868,3.214,3.3462,3.351,3.973,2.822,3.2112,3.7154,3.6018,3.2164,3.4774,3.2354,3.417,3.5864,3.631,3.7086,3.4134,3.393,3.2528,3.4324,3.371,3.296,2.9952,3.661,3.1216,3.4534
ADIPOR,10.133,9.4375,9.684,9.5155,8.94125,9.59525,9.3415,9.86,9.4595,9.30475,9.8005,9.62425,9.49925,9.98175,10.18725,9.996,9.333,8.5965,9.8765,9.8005,9.79575,9.22825,9.51225,9.02825,9.66925,9.46175,9.428,9.28975,9.9355,9.26,9.53825,9.92125,9.6045,9.9525,9.713,9.5945,9.761,10.05925,9.13975,9.1275,9.6565,9.5925,9.23575,9.72125,8.9595,9.414,9.7245,9.60775,9.62975,9.312,9.01525,9.4495,9.2575,9.64,9.37875,9.56625,9.691,9.48075,9.81275,10.084,9.15675,9.58675,9.30525,9.81,9.5455,9.77275,8.48175,9.7115,9.277,9.953,9.71275,9.669,9.73625,9.6335,9.546,9.64525,9.53475,9.81625,8.97775,9.78175,9.548,9.48275,9.55375,9.50625,9.8715,9.66775,9.5845,9.581,9.23925,9.713,9.858,9.64325,9.74975,9.85425,9.4575,9.7065,9.82375,9.94025,9.75325
ADIPOQ,2.40375,2.3715,2.4465,2.498,2.44025,2.4875,2.598,2.5555,2.5335,2.5965,2.447,2.5665,2.44875,2.55475,2.37925,2.42,2.53425,2.48,2.30725,2.3145,2.4035,2.65825,2.43275,2.4255,2.6,2.49025,2.458,2.4565,2.64575,2.628,2.49125,2.40325,2.43425,2.514,2.494,2.58625,2.628,2.2985,2.635,2.5335,2.486,2.37875,2.4875,2.46075,2.3945,2.6075,2.331,2.5185,2.416,2.55575,2.453,2.62625,2.4125,2.42,2.54925,2.444,2.338,2.42925,2.46375,2.50825,2.458,2.50575,2.4995,2.40725,2.46325,2.4875,2.4235,2.5425,2.56425,2.464,2.53775,2.6195,2.544,2.48925,2.44275,2.43375,2.54225,2.45275,2.35775,2.5105,2.52425,2.41375,2.54675,2.47075,2.4595,2.467,2.52775,2.5105,2.552,2.42275,2.5625,2.36425,2.49125,2.414,2.482,2.36325,2.41725,2.5305,2.56225
APLP1,2.259,2.178,2.217,1.9825,2.085,2.1565,1.914,2.414,2.1975,2.223,2.161,1.948,2.0975,2.1105,1.9645,2.042,2.1695,2.1235,2.065,2.301,2.146,2.128,2.346,2.0355,2.201,2.0105,2.306,2.159,2.518,2.1345,2.1505,2.277,2.1775,2.081,2.155,2.2635,2.184,2.115,2.238,2.059,2.04,2.0285,2.166,2.121,2.157,2.1665,2.0745,2.055,2.149,2.1005,2.1865,2.1075,2.1105,1.9955,2.174,2.1375,1.958,2.2525,2.1445,2.4805,2.206,2.102,2.224,2.249,2.135,2.1515,2.0555,2.179,2.233,2.1285,2.2315,2.074,2.064,2.2445,2.151,2.3095,2.1505,2.217,1.996,2.1435,2.0535,2.231,2.162,2.2745,2.124,2.2975,2.106,2.207,2.3055,2.183,2.4005,2.104,2.203,2.132,1.945,2.13,2.1275,2.086,2.2005
KRT8,3.74,3.62,3.566,3.399,3.049,3.464,3.607,3.365,3.476,3.195,3.58,3.436,3.419,3.443,3.249,3.367,3.504,3.391,3.366,3.699,3.569,3.532,3.468,3.235,3.547,3.387,3.546,3.298,3.667,3.712,3.228,3.519,3.482,3.71,3.518,3.56,3.29,3.602,3.632,3.488,3.467,3.604,3.652,3.484,3.649,3.331,3.559,3.469,3.611,3.28,3.729,3.524,3.598,3.216,3.591,3.332,3.368,3.606,3.795,3.803,3.47,3.356,3.577,3.422,3.34,3.64,3.299,3.721,3.48,3.435,3.59,3.526,3.519,3.53,3.537,3.592,3.474,3.272,3.355,3.368,3.403,3.278,3.665,3.443,3.407,3.843,3.67,3.594,3.649,3.58,3.679,3.66,3.68,3.56,3.546,3.431,3.614,3.696,3.936
RANGAP1,5.757,6.564,6.506,5.769,6.507,6.6205,5.937,5.666,6.183,6.3725,6.235,6.534,5.6175,6.3995,5.76,5.884,5.665,5.0145,6.0635,6.3005,6.2705,6.5845,6.3355,5.5565,6.2115,6.1,5.614,5.553,5.5245,6.283,5.5545,6.008,6.029,5.524,6.073,6.6415,6.381,5.8265,6.1855,5.8635,5.6275,6.0635,6.2025,6.3835,6.1405,6.4265,5.898,6.1565,5.963,6.171,6.344,5.9245,6.5175,6.595,6.037,5.929,6.0735,5.807,6.2575,6.4015,6.3915,6.0545,6.079,6.1275,6.0385,6.403,6.041,6.4575,6.3405,6.1845,6.0565,6.629,5.577,5.9985,6.48,5.7405,6.0455,6.2105,5.2655,6.0375,6.2035,6.5655,6.2855,6.3735,5.8155,6.0635,6.1785,6.419,6.6495,6.2145,6.777,5.4925,6.0225,6.1665,5.9415,5.956,6.51,6.514,6.3215
EEF1A1,8.5638,8.506,8.0674,8.4778,8.7436,8.351,8.4574,8.2934,8.5416,8.428,8.2778,8.1702,8.4042,8.257,8.2548,8.4696,8.4018,8.4346,8.3744,8.57,8.0686,8.03,8.4298,8.3806,8.3224,8.3988,8.728,8.736,8.452,8.0712,8.5232,8.5596,8.196,8.599,8.5144,8.3356,8.201,8.4104,8.095,8.29,8.1812,8.58,8.4266,8.4472,8.4768,8.1296,8.4164,8.3592,8.279,8.427,8.4774,8.1676,8.3794,8.192,8.557,8.4252,8.246,8.4296,8.4154,8.2424,8.3084,8.4176,8.1908,8.1446,8.1704,8.3476,8.7966,7.7602,8.155,8.561,8.2338,7.9256,8.4634,8.5746,8.226,8.5218,8.3402,8.096,8.5312,8.8232,8.0868,7.919,8.4202,8.2926,8.5334,8.1548,8.3288,8.227,8.1402,8.311,8.2494,8.4048,8.4262,8.5782,8.5088,8.453,8.1508,8.1822,8.0806
MT1G,3.839,3.937666667,3.874,4.457333333,3.292,3.658333333,3.453666667,4.554666667,4.080333333,4.224333333,3.262666667,3.921,3.173333333,3.334,3.671333333,3.636,3.805333333,3.098666667,4.01,3.674,3.777,4.172333333,4.060333333,3.984,3.707666667,3.077666667,3.741333333,3.007,3.743,3.642666667,3.628666667,3.695666667,3.432666667,3.348,3.574666667,3.748666667,4.129,3.882,3.661,3.435333333,3.411333333,3.804666667,3.377333333,3.174,3.415,3.841666667,3.635333333,3.891666667,3.427,3.37,3.255666667,3.842,3.631333333,3.472333333,3.238,3.698333333,3.663666667,3.553333333,6.289,4.303666667,3.016666667,3.496666667,3.805666667,3.505333333,3.639333333,3.757333333,3.990333333,4.064,4.125666667,3.578333333,3.330333333,3.8,4.333,3.294333333,3.571,3.61,3.592,4.211666667,3.269333333,4.155,3.690333333,3.759,3.397333333,3.294,3.516666667,3.473666667,3.692,4.204333333,3.448,4.275333333,3.918666667,3.254333333,3.482666667,3.888666667,4.142333333,3.751,3.717,3.742,4.198666667
MAPT,2.7054,2.6488,2.7314,2.4944,2.566,2.4286,2.5736,2.6154,2.6658,2.5316,2.5738,2.5942,2.571,2.8774,2.7988,2.4844,2.616,2.3944,2.5444,2.5476,2.6656,2.671,2.5518,2.5148,2.4488,2.6924,2.5444,2.6872,2.783,2.5408,2.7412,2.9504,2.5384,2.6358,2.5348,2.638,2.6116,2.5844,2.6324,2.5952,2.7124,2.5548,2.5608,2.6314,2.5362,2.5702,2.5774,2.615,2.6456,2.6686,2.5878,2.4964,2.5684,2.659,2.6736,2.6092,2.4366,2.632,2.7794,2.7754,2.6524,2.4428,2.621,2.4984,2.6012,2.786,2.439,2.7272,2.6222,2.5172,2.5286,2.6216,2.6314,2.6098,2.5588,2.522,2.5594,2.6724,2.4412,2.6328,2.6008,2.6636,2.5228,2.5754,2.509,2.4936,2.6868,2.7462,2.7808,2.7188,2.5684,2.5132,2.5704,2.5454,2.7544,2.6684,2.5996,2.4872,2.6538
HBEGF,4.739,4.8,3.881,4.648,2.816,3.936,4.156,3.862,4.46,5.308,4.322,5.235,3.685,4.177,3.988,4.031,4.285,4.192,3.831,3.951,3.429,3.584,4.169,5.464,4.422,3.638,4.108,4.044,2.804,3.303,5.164,3.535,5.245,3.775,4.852,4.212,4.068,3.132,4.794,4.176,3.951,4.472,4.633,4.663,4.151,5.093,3.599,4.486,4.149,4.483,3.815,4.95,4.506,4.43,4.362,5.34,4.765,4.634,4.251,3.592,3.359,5.059,4.327,3.729,4.872,3.066,5.016,4.647,3.361,3.682,3.656,3.544,4.167,4.767,4.493,3.062,4.138,3.327,4.621,4.271,4.792,5.07,3.544,4.364,3.474,4.593,3.501,4.683,4.181,3.601,4.423,3.822,4.704,3.492,4.539,3.521,4.187,4.051,2.818
C4BP,5.479,3.254333333,3.187333333,3.943,2.892,3.247,3.219333333,5.868666667,3.013,3.840333333,3.328666667,2.826666667,3.067333333,2.938333333,5.823,3.055,2.953666667,3.519,3.008,5.776,2.836333333,3.223,3.482333333,3.873666667,2.993666667,3.096333333,3.079333333,3.595333333,3.318666667,3.017666667,2.98,6.636666667,3.264,3.278666667,3.326666667,3.787666667,3.296,3.218,5.654666667,2.832,3.497666667,3.114666667,3.507,3.388666667,3.347333333,3.471666667,6.092666667,2.989,3.083333333,3.387666667,3.068333333,3.240666667,3.511333333,3.300666667,3.143,3.561666667,2.871666667,3.188333333,2.939666667,3.011666667,2.992,3.543333333,3.246666667,6.629333333,3.089666667,3.288,3.49,3.386333333,3.424666667,3.098666667,3.614333333,3.248666667,3.148,3.146333333,3.036,3.047,3.646,3.180333333,3.424,3.194666667,3.064333333,5.743333333,3.002333333,3.185333333,3.352666667,2.934333333,6.122333333,3.297333333,5.936333333,3.179,3.829,3.339666667,3.111,3.126,2.881666667,3.014333333,3.308,5.266,6.468666667
SELPLG,9.178,9.5745,9.8925,9.451,9.058,9.25,9.417,9.608,9.317,9.4865,9.6095,9.711,9.3455,9.385,9.4645,9.403,9.3575,9.231,9.478,9.175,9.5435,9.756,9.468,9.196,9.494,9.3585,9.286,9.129,9.3665,9.8255,9.6,9.706,9.811,9.008,9.429,9.6835,9.7215,9.1355,9.4655,9.6315,9.515,9.452,9.561,9.625,9.3495,9.6265,9.689,9.3765,9.3245,9.637,9.3345,9.2895,9.534,9.5315,9.673,9.778,9.5515,9.1775,9.383,8.9965,9.5105,9.395,9.703,9.688,9.3905,9.574,9.5415,9.8375,9.642,9.2975,9.5795,9.8545,9.4925,9.536,9.562,9.245,9.6455,9.892,9.1415,9.351,9.6545,9.8815,9.642,9.725,9.144,9.6755,9.6625,9.6575,9.636,9.429,9.807,9.299,9.566,9.1145,9.407,9.0245,9.8335,9.4745,9.5195
GSTM,2.4985,2.1535,2.2745,2.223,2.208,2.206,2.097,2.415,2.343,2.25,2.443,2.2635,1.9925,2.29,2.286,2.409,2.2045,2.1505,2.409,2.289,2.4175,2.285,2.0935,2.263,2.0715,2.025,2.318,2.0265,2.11,2.21,2.1175,2.0315,2.094,2.36,2.1,2.405,2.256,2.5225,2.289,2.256,2.314,2.21,2.265,2.389,2.1995,2.3685,2.235,2.186,2.307,2.2225,2.387,2.303,2.3295,2.349,2.117,2.1935,2.27,2.196,2.324,2.6195,2.2175,2.288,2.297,2.269,2.1925,2.401,2.3185,2.391,2.222,2.253,2.26,2.5365,2.1665,2.127,2.216,2.513,2.237,2.27,2.1845,2.1975,2.262,2.21,2.1305,2.3055,2.359,2.206,2.255,2.491,2.279,2.5565,2.177,2.12,2.2295,2.2205,2.128,2.2325,2.3635,2.281,2.298
RAP1GDS1,6.843,7.167333333,6.767333333,7.196333333,7.333,7.312333333,7.363666667,6.555,7.044,6.73,6.871666667,6.735666667,7.018,6.691,6.985333333,6.972333333,7.159333333,6.919666667,7.098666667,7.027666667,7.07,7.229,7.169,7.181666667,7.043333333,6.993666667,6.975666667,7.304666667,6.613,7.049666667,6.993666667,6.623333333,7.005333333,6.981666667,7.018,7.147333333,7.059666667,7.123666667,6.805,6.919666667,6.723333333,7.196666667,6.901333333,6.557666667,7.138333333,6.907333333,6.915333333,7.078666667,6.98,7.019666667,7.145,7.060333333,7.091,7.084666667,6.676666667,6.740666667,6.922333333,7.17,7.034333333,7.113,6.726333333,6.884666667,6.595666667,6.970333333,6.953666667,7.311,7.332666667,6.483,6.868,7.102333333,6.475333333,6.812333333,7.195333333,7.054666667,7.282333333,6.994,6.820666667,6.788333333,7.038,7.279,7.113666667,6.826666667,7.092333333,6.79,7.039,6.978333333,6.791666667,6.866333333,6.899666667,6.993666667,6.887,6.916333333,6.714,7.192333333,7.050333333,7.407,6.940333333,7.226,6.773
EGFL,2.686166667,2.6265,2.655333333,2.460833333,2.592166667,2.5815,2.493166667,2.703833333,2.6015,2.5355,2.605333333,2.530666667,2.576,2.729666667,2.3575,2.56,2.650833333,2.500333333,2.517833333,2.6815,2.5175,2.878833333,2.455166667,2.444333333,2.521833333,2.513666667,2.617333333,2.378666667,2.579333333,2.543333333,2.421,2.573666667,2.492,2.534,2.624833333,2.5165,2.567166667,2.6125,2.635666667,2.5445,2.739333333,2.522,2.575333333,2.522666667,2.442,2.5895,2.543666667,2.501666667,2.596,2.452833333,2.625,2.6475,2.545833333,2.561333333,2.6735,2.483,2.529,2.557666667,2.599333333,2.562833333,2.654,2.519166667,2.7085,2.529333333,2.628,2.418333333,2.3855,2.687166667,2.611833333,2.624833333,2.694333333,2.5365,2.453666667,2.5665,2.485666667,2.4035,2.578666667,2.525833333,2.385833333,2.508666667,2.454666667,2.48,2.704166667,2.574666667,2.500166667,2.696333333,2.766333333,2.702833333,2.745166667,2.6925,2.606333333,2.466666667,2.624333333,2.573833333,2.562333333,2.433166667,2.566833333,2.458833333,2.822666667
IGHMBP2,4.144,4.378,4.506,3.67,4.3495,4.515,4.1745,4.2405,4.1525,4.174,3.9035,4.2745,3.9385,4.21,3.647,3.3935,4.12,3.999,4.303,4.181,3.843,4.232,4.527,3.662,4.842,3.931,3.9825,3.7095,4.022,3.7215,3.5865,3.8295,4.2785,3.7945,3.866,4.697,4.0855,3.61,4.401,4.026,3.613,3.7315,4.3065,4.184,4.552,4.2515,4.6235,4.2345,4.5815,4.6435,4.165,3.9835,4.0125,4.0605,3.882,3.494,3.853,4.5495,4.165,4.4995,4.5925,4.2125,4.507,4.763,4.824,4.588,3.8725,4.8855,4.2495,3.8985,4.1135,4.0645,4.2625,3.88,4.2345,4.039,4.043,4.815,3.8065,4.3675,4.141,4.169,4.6665,4.33,4.038,3.755,5.024,4.5495,4.966,4.419,4.863,3.728,3.8365,3.98,3.877,3.986,3.935,4.0785,5.275
ADD3,9.0825,8.35475,8.637,9.28925,9.1285,8.73625,9.03875,8.65275,9.07175,8.829,8.78725,8.645,9.45625,8.53825,8.8955,9.16275,9.20775,9.5275,9.027,9.08475,8.79275,8.4455,8.91775,9.21575,8.856,9.2285,9.486,9.52275,8.84125,8.49725,9.19225,8.83575,8.92125,9.4945,8.962,8.695,8.6305,9.12225,8.13125,8.87625,8.9585,9.2525,8.88375,8.96125,9.1415,8.70675,8.8155,8.948,8.8845,8.88675,9.01875,9.049,9.066,8.96475,8.935,9.165,9.1525,8.99325,9.09475,8.55875,8.9595,9.239,8.849,8.88625,8.94075,9.1565,9.43,8.3905,8.8535,9.1935,8.74975,8.10875,9.083,8.98575,8.72325,8.91625,8.7715,7.928,9.43825,9.32075,8.9135,8.57025,8.814,8.9055,9.376,8.72925,8.77975,8.796,8.112,8.80425,8.47775,9.418,8.85825,9.14675,9.25425,9.35375,8.79575,8.79025,8.72225
EGFR,2.795,2.585571429,2.600857143,2.531857143,2.564285714,2.574857143,2.477428571,2.623428571,2.616857143,2.594285714,2.725,2.730428571,2.542714286,2.899285714,2.508428571,2.561142857,2.602,2.447428571,2.544571429,2.717857143,2.810142857,2.781714286,2.620571429,2.365285714,2.516714286,2.480857143,2.552142857,2.503857143,2.724,2.624285714,2.444285714,2.529,2.631714286,2.590857143,2.582142857,2.519142857,2.635142857,2.614428571,2.543142857,2.584714286,2.730285714,2.612428571,2.548428571,2.49,2.674142857,2.594714286,2.630428571,2.482142857,2.566142857,2.439,2.671571429,2.730571429,2.435,2.606571429,2.542,2.602714286,2.549857143,2.608142857,2.667142857,2.643571429,2.763428571,2.512714286,2.638857143,2.485428571,2.581857143,2.628571429,2.456857143,2.720571429,2.599714286,2.724285714,2.663,2.758428571,2.487857143,2.521571429,2.665428571,2.544428571,2.689142857,2.762714286,2.358,2.506571429,2.531857143,2.525428571,2.632,2.702571429,2.454714286,2.595714286,2.701571429,2.709,2.718857143,2.706,2.657857143,2.591857143,2.586285714,2.580571429,2.677857143,2.420571429,2.472,2.553571429,2.685
PTS,5.051,4.244,3.944,4.813,4.856,4.169,4.928,4.132,4.403,4.422,5.043,4.843,5.08,4.454,4.128,4.758,5.114,5.657,4.527,4.545,3.818,4.626,4.229,5.76,4.577,5.101,5.048,5.194,4.645,4.184,5.224,4.589,4.741,5.348,4.358,4.956,4.469,3.705,5.362,4.599,4.221,4.59,4.03,4.993,5.055,3.406,3.933,3.999,3.754,4.598,4.928,4.891,3.772,4.877,5.122,4.611,3.762,4.423,3.683,2.832,4.241,4.26,4.79,4.391,4.431,5.653,5.794,3.172,4.803,4.346,3.938,4.562,5.244,4.971,4.494,3.716,3.721,3.052,5.225,4.512,4.719,4.227,4.562,4.992,5.187,4.357,4.073,3.93,3.721,4.167,3.964,5.019,5.448,5.424,5.598,5.033,4.754,4.733,3.635
PCSK1N,4.9565,4.364,5.0575,3.697,4.1725,3.775,3.879,4.327,4.5455,4.6165,4.3945,4.796,4.2905,4.6815,5.369,4.094,4.2675,3.795,4.7805,5.1355,5.064,4.6245,4.2165,3.728,5.077,4.41,5.2595,4.0455,4.5795,3.959,4.037,4.879,4.1095,5.041,4.477,4.769,4.534,6.4025,5.664,4.1585,4.6685,4.621,4.361,4.803,4.4485,4.7125,4.6405,5.6395,4.615,4.1645,6.169,4.1475,4.6285,4.585,4.471,4.167,4.257,4.769,4.965,5.205,4.155,4.052,4.614,4.829,4.926,5.086,4.524,5.362,4.6215,4.1405,4.262,4.799,4.1635,4.587,4.289,4.6225,4.4135,4.843,3.9765,4.7915,4.2345,4.6725,4.482,4.5685,4.8135,4.2095,4.133,4.7055,5.3455,4.5845,5.0655,4.3525,4.3995,5.2285,4.436,4.2455,4.2255,4.59,4.571
MEGF,4.945428571,5.333142857,5.272142857,5.240142857,5.183428571,5.123857143,4.961,5.190714286,5.180285714,5.266714286,5.34,5.212142857,5.251857143,5.294571429,5.208428571,5.22,5.049714286,5.172571429,5.227428571,5.104571429,5.080857143,5.093571429,5.255428571,5.074857143,5.288142857,5.115571429,5.324571429,5.130571429,5.179,5.188428571,5.259,5.326571429,5.287714286,4.865285714,5.182142857,5.097714286,5.284714286,4.793428571,5.245285714,5.342714286,5.579857143,5.120285714,5.354857143,5.268,5.397428571,5.634714286,5.346571429,4.901285714,5.232571429,5.417714286,5.098285714,5.052,5.276714286,5.173714286,5.388571429,5.528857143,5.225428571,5.263571429,4.977857143,4.956714286,5.378714286,5.272714286,5.331571429,5.138142857,5.361571429,5.172571429,4.979,5.347857143,5.319142857,5.310285714,5.335,5.414,5.176857143,5.390142857,5.374714286,4.909428571,5.472142857,5.258428571,5.063571429,5.019571429,5.111285714,5.207857143,5.2,5.287571429,5.065857143,5.330857143,5.369,5.149857143,5.405,5.161142857,5.246857143,5.132714286,5.250714286,4.986,5.225857143,5.076428571,5.257714286,5.044142857,5.291571429
CHN2,3.8664,3.447,3.681,3.6804,3.126,3.217,4.0484,3.6482,3.3164,3.5946,3.8566,3.467,3.5834,3.618,3.521,3.534,3.6956,3.6916,3.762,3.8652,4.1014,3.659,3.3886,3.4818,3.1742,3.5748,3.5404,3.84,3.7622,3.4778,3.6312,3.4186,3.6178,4.0854,3.7388,3.2026,3.7042,3.9266,3.3412,3.8208,3.3612,3.4258,3.329,3.225,3.529,3.8246,3.4396,3.2512,3.771,3.5638,3.3886,3.8518,3.3444,3.6208,3.5938,3.521,3.9272,3.4994,3.6648,3.4404,3.7388,3.77,3.7762,3.5538,3.1962,3.2078,3.6388,3.7514,3.2306,3.5604,3.365,3.2882,3.7706,3.4816,3.5738,3.838,3.8234,3.378,3.8906,3.2076,3.6586,4.2622,3.5766,3.5378,3.107,3.8986,3.4282,3.6154,3.5672,3.6886,3.0944,3.8728,3.8786,3.508,3.3724,3.7918,3.8244,4.0536,3.5304
CSF,5.3688125,5.2604375,5.341375,5.2264375,4.795625,4.9855625,5.127,5.2701875,5.120625,5.0996875,5.2490625,5.29325,5.2114375,5.2288125,5.18425,5.118875,5.0716875,5.14675,5.3654375,5.1911875,5.1603125,5.2863125,5.166125,5.0719375,5.268625,5.0581875,5.2748125,5.0215625,5.1830625,5.5001875,5.246375,5.2604375,5.3738125,4.9229375,5.317,5.20325,5.27575,5.0988125,5.2671875,5.34175,5.2759375,5.1659375,5.2845,5.179375,5.112875,5.4861875,5.185125,5.2935,5.2601875,5.3431875,4.9700625,5.295875,5.1211875,5.175,5.255375,5.331625,5.1739375,5.093,5.2958125,5.18325,5.330125,5.3311875,5.3878125,5.14775,5.0939375,5.161625,5.171375,5.290625,5.298875,5.1396875,5.41,5.379625,5.111625,5.18425,5.3601875,5.298625,5.4211875,5.488375,5.2008125,5.0305625,5.239375,5.3644375,5.227,5.2274375,5.0159375,5.3190625,5.4019375,5.305875,5.50425,5.219,5.2238125,5.2158125,5.261875,4.9978125,5.1150625,4.9708125,5.34275,5.10425,5.089625
APOE,3.029,3.323,3.199,2.988,3.139,2.961,2.975,3.037,3.119,3.016,3.042,3.186,3.001,3.256,3.04,2.938,2.983,2.908,3.024,3.154,3.027,3.25,3.212,2.758,3.267,2.95,3.224,3.015,3.062,3.097,2.842,3.411,3.26,3.026,3.094,3.203,3.163,3.03,3.257,3.007,3.165,3.229,3.257,2.942,3.174,3.147,3.185,2.964,3.242,3.195,3.328,2.947,2.81,3.143,3.113,2.95,2.696,2.929,3.373,3.007,3.362,3.029,3.253,3.175,3.126,3.377,2.919,3.491,3.333,3.164,3.411,2.877,2.897,3.248,3.149,2.87,3.196,3.015,2.665,2.76,3.034,2.977,3.131,3.089,2.919,3.203,3.15,3.095,3.209,2.929,3.247,3.059,3.312,3.173,3.133,3.066,3.016,2.884,3.039
TSPAN3,5.246,5.595,5.673,5.606,6.445,6.157,6.145,4.788,4.961,5.731,5.313,4.679,5.752,5.449,5.874,5.647,5.684,5.919,5.568,5.737,5.36,5.038,5.615,6.027,5.685,6.007,5.125,5.66,4.669,5.038,6.008,5.728,5.202,5.748,5.452,5.582,5.709,5.573,5.45,5.923,5.868,5.776,5.718,5.413,5.552,5.2,4.99,6.009,5.429,6.155,6.584,5.526,5.369,5.597,5.727,5.288,6.202,5.559,5.694,4.23,5.833,5.627,5.648,5.625,5.349,6.036,6.294,4.848,5.753,5.438,5.269,5.519,6.013,5.726,5.679,5.358,5.545,4.676,5.964,5.742,5.552,5.112,5.738,5.617,5.994,5.325,5.204,5.296,5.03,5.266,4.971,5.892,5.625,5.879,5.927,6.371,6.074,5.584,5.172
LRRC4B,2.974,2.8515,2.838,2.309,2.82,3.059,2.546,2.5465,2.655,2.793,3.071,2.926,2.8505,3.0485,2.638,2.734,2.7995,2.489,2.594,2.846,3.0115,3.1635,2.752,2.456,2.9365,2.745,2.908,2.468,2.9545,2.724,2.789,2.953,2.76,2.8315,2.8285,2.8665,2.7525,2.9855,2.792,2.472,2.7575,2.7625,2.962,2.8285,2.4045,2.517,2.9615,2.6875,2.656,2.752,2.699,2.83,2.3645,2.6385,2.7755,2.5765,2.625,2.7255,2.752,2.993,2.95,2.6175,2.883,2.565,2.671,2.7545,2.3895,3.149,3.1645,2.655,2.9125,3.1515,2.3625,2.847,2.962,2.6835,2.95,2.6295,2.642,2.796,2.5865,2.6195,2.697,2.8345,2.648,2.825,3.1725,3.181,3.045,2.752,3.059,2.7115,3.0655,2.8765,2.759,2.441,2.6455,2.687,2.7155
TNFAIP,5.862125,5.7209375,5.8178125,5.8940625,5.61325,5.697375,5.808625,5.9816875,5.8918125,5.8398125,5.7916875,5.8470625,5.8198125,5.8465625,5.712,5.8538125,5.9676875,5.814625,5.8614375,5.799875,5.94825,5.872375,5.7451875,5.8310625,5.7084375,5.7315625,6.0474375,5.9411875,5.8559375,5.82975,6.0916875,5.7669375,5.9025,5.7335,5.8775625,5.8324375,5.7855,5.7119375,5.7025625,5.774375,5.8684375,5.8534375,5.7439375,5.74975,5.778625,5.866,5.6914375,5.808375,5.8995,5.750875,5.8221875,6.013375,5.8465,5.685375,5.830375,6.057875,5.7140625,5.7420625,5.9394375,5.6898125,5.9084375,5.961875,5.952125,5.771875,5.755125,5.9239375,5.8509375,5.900625,5.8063125,5.8419375,6.0085625,5.73175,5.7724375,5.87825,5.7818125,5.93775,5.8361875,5.8335625,5.8606875,5.8183125,5.8755625,5.85525,5.897625,5.8385625,5.8415,6.0269375,5.81125,5.798125,5.6578125,5.8680625,5.776625,5.889125,5.76475,5.6393125,5.7375,5.7039375,5.6753125,5.712125,5.8256875
DTNA,2.4187,2.3443,2.3405,2.4086,2.2573,2.2417,2.3024,2.4475,2.3806,2.3659,2.3262,2.3431,2.2927,2.4839,2.3709,2.3306,2.3166,2.3767,2.1939,2.3369,2.351,2.5247,2.3807,2.3208,2.2953,2.2975,2.2677,2.3115,2.3549,2.4314,2.2759,2.3016,2.3526,2.2982,2.441,2.3976,2.2631,2.398,2.3608,2.4213,2.4353,2.2921,2.327,2.28,2.3738,2.3647,2.414,2.3594,2.3138,2.2779,2.3756,2.4586,2.4344,2.3205,2.4182,2.2638,2.31,2.3599,2.3982,2.44,2.3602,2.3287,2.3034,2.3012,2.3355,2.3686,2.2992,2.4275,2.4037,2.3942,2.412,2.3796,2.372,2.2183,2.2895,2.4407,2.361,2.5424,2.3837,2.2916,2.2729,2.3264,2.4584,2.2279,2.3018,2.3887,2.3444,2.3763,2.3254,2.3995,2.2305,2.3584,2.404,2.446,2.3237,2.2817,2.3901,2.3664,2.4371
DMPK,2.77,2.819,3.152,2.603,3.502,2.994,2.675,3.233,3.333,2.395,2.853,2.845,2.739,3.884,2.911,2.948,2.783,2.572,2.79,2.743,3.384,3.41,2.724,2.329,2.926,2.462,2.918,2.692,2.921,2.827,2.682,2.625,2.811,2.714,2.861,2.934,3.058,3.063,3.091,2.734,2.986,3.039,2.893,2.99,2.532,2.686,2.789,2.753,2.838,2.919,3.289,3.208,3.037,2.695,2.573,2.728,2.795,3.088,2.89,2.945,3.25,2.838,3.128,3.016,3.335,2.892,2.615,2.939,2.741,2.804,3.052,3.08,2.66,3.056,3.151,2.755,2.854,2.895,2.688,2.714,2.741,3.025,2.818,3.03,2.61,3.336,2.891,3.202,3.099,2.744,3.475,2.753,2.836,2.801,3.158,2.86,2.959,2.923,2.695
HBG2,11.95,10.3785,10.4125,11.0605,10.442,11.489,10.918,11.4305,10.9155,11.9435,11.9735,10.585,11.2245,11.9625,12.046,11.98,10.5155,9.7545,12.174,11.65,11.43,9.031,10.5585,10.7135,11.271,11.4425,11.465,11.1775,12.102,9.8915,11.46,10.295,10.665,11.5655,10.602,11.97,12.1495,12.107,11.7355,11.589,11.966,12.05,11.552,11.939,10.9925,11.4095,11.7545,11.9835,10.492,10.0355,11.2025,11.576,11.0565,11.3035,11.074,11.7565,11.581,11.3335,11.821,11.3235,10.7295,12.235,11.6705,11.721,11.2405,11.9235,6.5645,10.883,10.7885,11.044,12.142,11.7975,11.6235,12.0575,11.666,11.9565,10.452,11.519,9.619,10.886,11.8095,11.451,12.0905,11.338,12.1735,7.619,8.4935,11.773,10.7265,11.9145,11.8375,12.063,11.505,11.9935,11.841,11.833,11.95,11.8925,12.0685
BDNF,2.627,2.8845,2.9215,2.3145,2.806,2.7465,2.424,2.1145,2.7595,2.556,2.891,2.761,2.3605,3.0065,2.5565,3.1545,2.9185,2.776,2.4845,3.015,2.5385,2.831,2.502,2.569,2.7115,2.3025,2.67,2.8325,2.5545,2.472,2.5745,2.7025,2.56,2.7615,2.4775,2.435,2.572,2.6995,2.773,2.725,2.716,2.5845,2.6045,2.566,2.564,2.5865,2.6465,2.509,2.72,2.601,2.5705,3.068,2.4155,2.5865,2.623,2.5825,2.661,2.6845,2.978,2.985,2.763,2.4445,2.524,2.9375,2.7635,2.573,2.488,2.6575,2.4925,3.0075,2.591,2.6055,2.7985,2.5835,2.6105,2.453,2.5295,2.5085,2.5165,2.533,2.448,2.468,2.6955,2.749,2.78,2.8465,2.6455,2.5305,2.5815,2.5555,2.566,2.7845,2.5135,2.644,2.758,2.5775,2.646,2.8815,2.956
OSBPL3,5.40925,5.51425,5.78075,5.75625,5.768,5.41675,5.91975,4.9755,6.05125,4.99625,5.1475,5.756,6.23475,5.494,5.904,5.8825,6.01375,5.85325,5.2805,6.16875,5.54775,5.61175,5.7115,6.025,5.167,5.77825,5.30425,6.23575,5.535,5.15875,5.515,5.515,5.96,6.19575,5.627,5.44625,5.77925,5.48625,5.64575,5.75825,5.5065,5.77225,5.785,5.6685,5.65825,5.16,5.31325,5.49075,5.673,5.6445,5.81325,5.8895,5.45075,5.75525,5.77225,5.478,5.45775,6.0745,5.73325,4.98925,5.3695,5.9425,5.46775,5.541,5.5065,5.55525,5.771,4.66475,5.41675,5.713,4.805,5.2615,5.45775,6.01925,5.472,5.23775,5.52025,5.1795,5.5365,5.818,5.725,5.474,5.4475,5.7935,5.738,5.8605,5.19025,5.522,4.945,5.405,4.947,5.5895,5.33625,5.7575,5.9065,6.1235,5.54075,5.936,5.608
VEGF,4.4611,4.4831,4.0982,4.4673,4.0527,4.0276,4.4932,4.1453,4.324,4.3163,4.6457,4.1161,4.5534,4.5812,4.305,4.4091,4.2699,4.7192,4.3712,4.2928,4.4752,3.9089,4.1131,4.5696,4.0732,4.3077,4.6369,4.3154,4.244,4.2894,4.3332,4.0592,4.3595,4.3752,4.3739,4.29,4.1596,3.9068,4.4331,4.6139,4.4196,4.184,4.2488,4.2654,3.9819,4.7463,4.054,4.4899,4.4526,4.4486,4.239,4.2393,4.2219,4.3177,4.3317,4.3372,4.4287,4.6807,4.3159,4.0327,4.3483,4.6053,4.0653,4.1769,4.3475,3.9791,4.3483,4.0964,4.4545,4.4593,4.4016,4.3339,4.5711,4.1177,4.27,4.2348,4.3225,4.5863,4.9027,4.0221,4.1987,4.3719,4.1311,4.389,4.2347,4.3551,4.2279,4.0193,3.9817,4.3947,3.7654,4.6265,4.3747,4.2721,4.4063,4.3174,4.3097,4.0167,4.2355
SOD,8.3815,8.526,8.76925,8.417,8.33625,8.52425,8.431,8.60525,8.52375,8.37275,8.477,8.50575,8.43475,8.48825,8.57225,8.6475,8.63725,8.50025,8.6855,8.454,8.6545,8.7175,8.617,8.388,8.637,8.48425,8.43,8.491,8.63475,8.63575,8.64275,8.555,8.633,8.559,8.64275,8.56325,8.57,8.538,8.61125,8.576,8.643,8.627,8.66825,8.52925,8.41875,8.3405,8.61425,8.52375,8.6115,8.53425,8.45575,8.57875,8.29425,8.49625,8.606,8.58425,8.75625,8.391,8.5925,8.561,8.58075,8.56,8.792,8.76325,8.6365,8.436,8.38775,8.48925,8.72675,8.57175,8.6985,8.5915,8.584,8.58325,8.44925,8.4205,8.54975,8.559,8.5265,8.439,8.7435,8.765,8.46575,8.52225,8.597,8.70075,8.635,8.5885,8.64325,8.4795,8.6725,8.571,8.687,8.31425,8.52825,8.34075,8.62375,8.478,8.61
INHBB,2.594,2.477,3.047,2.245,2.353,2.565,2.29,2.867,2.448,2.405,2.539,2.521,2.71,2.301,2.674,2.641,2.299,2.57,2.464,2.455,3.106,2.466,2.442,2.295,2.576,2.781,2.578,2.567,2.672,2.944,2.758,2.549,2.439,2.765,3.006,3.203,3.191,2.07,3.086,3.129,2.974,2.443,2.769,2.486,2.596,3.534,2.588,2.432,2.604,2.847,2.589,2.199,2.498,2.538,2.57,2.793,2.515,2.549,2.413,2.628,2.452,2.313,3.723,2.921,2.538,2.476,2.424,2.969,2.678,2.314,3.559,3.074,2.82,2.502,2.624,2.694,3.154,2.782,2.507,2.815,2.73,2.845,2.814,2.546,2.509,2.42,3.049,2.78,2.743,3.169,2.39,2.742,3.443,2.521,2.633,2.629,2.372,2.462,3.296
ACSF,5.0645,6.1775,5.664,5.108,6.0095,6.293,5.257,5.291,5.579,5.946,5.4755,5.5025,4.8815,5.2835,5.0255,5.0025,5.0115,5.1565,5.366,4.8445,5.5455,6.239,5.614,5.7935,5.2895,5.559,5.342,4.9915,4.307,5.2745,4.97,5.2335,5.259,4.623,5.7155,5.8935,5.9,5.291,6.002,5.148,4.9805,5.2235,5.71,5.5365,5.581,5.948,5.375,5.7275,5.5295,5.583,5.4475,5.295,5.618,5.7255,5.231,5.0585,5.5655,5.6,5.475,5.963,5.713,5.2835,5.328,5.4155,5.5995,5.052,5.248,5.7435,5.742,5.3955,5.39,5.54,4.9755,5.1795,5.6295,5.8715,5.2365,5.6695,5.206,5.441,5.3465,5.98,5.57,5.1755,4.947,5.297,5.477,5.9265,6.2085,5.7135,5.7395,4.803,5.185,5.4045,5.3795,5.3315,5.4745,5.551,5.602
CCL,6.182,6.36525,6.7855,6.56675,6.2365,6.352,6.748,6.3295,6.629,6.43025,6.09225,6.5205,6.114,6.47375,6.59025,6.31925,6.8685,5.80575,6.55775,6.841,6.58625,6.959,6.449,6.1915,6.60425,6.5385,6.27275,6.393,6.1765,6.19775,6.13475,6.60825,6.4105,6.53025,6.67625,6.327,6.57425,6.8625,6.44975,6.203,6.32675,6.67425,6.30375,6.3065,6.79,6.494,6.32725,6.5005,6.2995,6.042,6.79475,6.69,6.37625,6.3855,6.3585,6.17875,6.3865,6.53025,6.38075,6.78125,6.5755,6.41525,6.359,6.36675,6.444,6.4945,5.9295,6.2575,6.34025,6.49175,6.2885,6.509,6.33875,6.561,6.40725,6.288,6.20225,6.676,5.93775,6.54225,6.49125,6.5535,6.492,6.268,6.253,6.78825,6.5805,6.7485,6.4755,6.58825,6.97625,6.1825,6.24925,6.52775,6.60525,6.70275,6.61075,6.51975,6.7315
AGT,2.8355,2.8945,2.5825,2.736,2.654,2.5545,2.5345,2.7565,3.0185,2.673,2.7755,2.798,2.3445,2.9065,2.588,2.7665,2.661,2.715,2.6075,2.8695,2.774,3.0955,2.6625,2.5685,2.72,2.4795,2.5345,2.4455,2.606,2.695,2.6855,2.6215,2.714,2.643,2.585,2.6355,2.4645,2.9,2.996,2.769,2.906,2.7355,2.6165,2.544,2.806,2.832,2.601,2.7465,2.6205,2.836,2.7255,2.7095,2.811,2.6815,2.768,2.7105,2.792,2.748,2.7855,2.9005,2.754,2.648,2.7295,2.782,2.7805,2.716,2.5595,2.8975,2.75,2.7635,2.838,2.8525,2.886,2.895,2.6835,2.726,2.702,2.7755,2.4765,2.797,2.656,2.5975,2.731,2.842,2.6105,2.7165,2.6,2.818,2.939,2.7815,3.0425,2.874,2.686,2.77,2.6285,2.7215,2.827,2.754,2.625
TF,2.842,2.819,2.5635,2.549,2.9625,2.697,2.488,2.532,2.5815,2.69,2.6115,2.522,2.6855,2.736,2.866,2.5935,2.8115,2.457,2.811,2.659,2.7815,2.86,2.731,2.724,2.756,2.4575,2.8725,2.767,2.624,2.926,2.724,2.7415,2.764,2.359,2.538,2.7065,2.8815,2.855,2.9025,2.7815,2.8005,2.723,2.7035,2.7035,3.1025,2.927,2.581,2.667,2.794,2.715,2.77,2.8785,2.6485,2.7115,2.7245,2.585,2.636,2.7255,2.9265,2.869,2.8295,2.698,2.912,2.8965,2.993,2.639,2.4035,2.7905,2.8845,2.9335,2.772,2.781,2.6345,2.779,2.5375,3.1475,2.895,2.607,2.681,2.558,2.508,2.5545,2.887,2.7675,2.7505,3.051,3.162,2.7185,3.0205,2.6665,3.003,2.4995,2.573,2.6795,2.704,2.8235,2.9225,2.6775,2.7115
LEP,4.723066667,4.505333333,4.603933333,4.5782,4.378466667,4.3764,4.568933333,4.734333333,4.551266667,4.6412,4.738066667,4.5726,4.714133333,4.645133333,4.570533333,4.727733333,4.673133333,4.710333333,4.604266667,4.620533333,4.7866,4.5736,4.667,4.815666667,4.690266667,4.583066667,4.803466667,4.840466667,4.449733333,4.5266,4.749066667,4.615933333,4.574666667,4.804133333,4.796,4.649866667,4.481666667,4.893133333,4.4668,4.792733333,4.6598,4.632466667,4.5984,4.533266667,4.558,4.589333333,4.562533333,4.791133333,4.6252,4.5536,4.6794,4.627533333,4.662333333,4.5618,4.5404,4.598333333,4.4976,4.740533333,4.544866667,4.6084,4.5978,4.725,4.654733333,4.588266667,4.616,4.760466667,4.753133333,4.595,4.547733333,4.8144,4.767733333,4.630133333,5.055933333,4.582933333,4.5924,4.617133333,4.596866667,4.538333333,4.931466667,4.752266667,4.652866667,4.4244,4.682266667,4.508066667,4.749066667,4.590066667,4.624,4.563,4.618533333,4.565,4.563733333,4.761466667,4.719266667,4.744533333,4.6014,4.665333333,4.610333333,4.443133333,4.540333333
PDGF,3.232941176,3.198,3.431,3.192176471,2.914,3.265823529,3.328176471,3.338411765,3.225764706,3.127705882,3.340588235,3.234705882,3.366176471,3.205647059,3.195882353,3.229764706,3.321529412,3.289588235,3.251764706,3.539,3.324235294,3.562823529,3.160647059,3.232647059,3.243941176,3.226117647,3.243294118,3.362529412,3.182294118,3.171352941,3.170117647,3.261941176,3.300470588,3.42,3.376529412,3.196117647,3.127823529,3.395941176,3.065882353,3.373117647,3.257352941,3.358294118,3.159823529,3.226352941,3.375588235,3.204058824,3.219705882,3.287705882,3.219411765,3.272,3.358352941,3.332470588,3.319529412,3.151411765,3.290941176,3.317470588,3.368470588,3.253411765,3.190294118,3.488823529,3.204058824,3.290764706,3.206882353,3.355823529,3.156882353,3.212941176,3.282941176,3.293882353,3.208882353,3.164588235,3.324705882,3.224529412,3.199529412,3.195705882,3.273647059,3.362411765,3.233941176,3.312117647,3.356411765,3.407058824,3.475176471,3.256411765,3.150470588,3.255529412,3.170705882,3.300058824,3.294882353,3.246764706,3.250705882,3.213470588,3.106705882,3.364941176,3.133941176,3.334823529,3.306,3.356235294,3.335647059,3.109823529,3.295941176
PLP1,2.40125,2.45925,2.48025,2.39875,2.528,2.54925,2.62175,2.484,2.47075,2.436,2.51975,2.43975,2.544,2.40975,2.4885,2.477,2.41925,2.553,2.4595,2.37075,2.47925,2.4185,2.587,2.511,2.3925,2.364,2.27,2.33075,2.75,2.50725,2.33575,2.24,2.351,2.306,2.4015,2.421,2.456,2.48075,2.461,2.3655,2.4265,2.366,2.53475,2.452,2.5135,2.52875,2.4685,2.48775,2.3665,2.418,2.603,2.33875,2.58525,2.28025,2.408,2.60525,2.401,2.30475,2.54475,2.52775,2.49975,2.505,2.425,2.345,2.36375,2.49275,2.40125,3.07025,2.44975,2.4105,2.347,2.49225,2.34175,2.479,2.51925,2.4325,2.408,2.61225,2.359,2.5535,2.4205,2.35675,2.385,2.60325,2.4425,2.432,2.579,2.4385,2.495,2.43925,2.63075,2.417,2.45475,2.36275,2.5735,2.36325,2.45075,2.4475,2.5705
LIMS2,3.027,3.173,3.203666667,2.769333333,3.2,3.448666667,2.812666667,2.852,2.952333333,3.008666667,3.076333333,3.057,2.942666667,3.134666667,2.712,2.761333333,2.485,2.681333333,2.599,2.508,2.888666667,3.088,3.070666667,2.945,3.326,2.972333333,3.346666667,2.706333333,2.800666667,2.774666667,2.598666667,3.216666667,3.002666667,2.443666667,2.802,3.069333333,2.89,2.698666667,3.062666667,2.731,2.985,3.111,3.296666667,3.251,2.877666667,3.161666667,3.153,2.936666667,3.01,2.956,3.021666667,2.654666667,2.960333333,2.908,2.751333333,2.994,2.961333333,2.746666667,2.865666667,3.36,3.305333333,2.811,3.298666667,2.863,3.093,2.941,3.010333333,2.796,3.415333333,3.089333333,2.939666667,3.332666667,2.771,2.925666667,3.077,2.880666667,2.865666667,2.921,2.922,3.302666667,2.791666667,3.021666667,2.977,3.206666667,2.947666667,2.742,3.098,2.962,3.495,2.868333333,3.337333333,3.168666667,3.003,2.861333333,2.906333333,2.979666667,3.111,2.860333333,3.232333333
